{
    "explanations": {
        "kernel_shap": {
            "label0": {
                "expected_value": 37.36235427856445,
                "global_shap_values": {
                    "AGE": 1.7130992201028277,
                    "B": 2.240037334084666,
                    "CHAS": 0.01913276120179331,
                    "CRIM": 0.626370058376583,
                    "DIS": 5.303702540714773,
                    "INDUS": 0.3399702592044228,
                    "LSTAT": 8.626304125386696,
                    "NOX": 0.894562409543496,
                    "PTRATIO": 1.246579027257096,
                    "RAD": 0.3866608311866563,
                    "RM": 2.178874659935764,
                    "TAX": 1.6253659627278412,
                    "ZN": 0.08056560630498617
                }
            }
        }
    },
    "version": "1.0"
}